insert into SIZE_PROD (id,size_p,qunatity,product_id) values
(0,40,10,1),
(1,41,10,1),
(2,42,10,1),
(3,43,10,1),
(4,44,10,1),
(5,45,10,1),

(6,40,10,2),
(7,41,10,2),
(8,42,10,2),
(9,43,10,2),
(10,44,10,2),
(11,45,10,2),

(12,40,10,3),
(13,41,10,3),
(14,42,10,3),
(15,43,10,3),
(16,44,10,3),
(17,45,10,3),

(18,40,10,4),
(19,41,10,4),
(20,42,10,4),
(21,43,10,4),
(22,44,10,4),
(23,45,10,4),

(24,40,10,5),
(25,41,10,5),
(26,42,10,5),
(27,43,10,5),
(28,44,10,5),
(29,45,10,5),

(30,40,10,6),
(31,41,10,6),
(32,42,10,6),
(33,43,10,6),
(34,44,10,6),
(35,45,10,6),

(36,40,10,7),
(37,41,10,7),
(38,42,10,7),
(39,43,10,7),
(40,44,10,7),
(41,45,10,7),

(42,40,10,8),
(43,41,10,8),
(44,42,10,8),
(45,43,10,8),
(46,44,10,8),
(47,45,10,8),

(48,40,10,9),
(49,41,10,9),
(50,42,10,9),
(51,43,10,9),
(52,44,10,9),
(53,45,10,9),

(54,40,10,10),
(55,41,10,10),
(56,42,10,10),
(57,43,10,10),
(58,44,10,10),
(59,45,10,10),

(60,40,10,11),
(61,41,10,11),
(62,42,10,11),
(63,43,10,11),
(64,44,10,11),
(65,45,10,11),

(66,40,10,12),
(67,41,10,12),
(68,42,10,12),
(69,43,10,12),
(70,44,10,12),
(71,45,10,12),

(72,40,10,13),
(73,41,10,13),
(74,42,10,13),
(75,43,10,13),
(76,44,10,13),
(77,45,10,13),

(78,40,10,14),
(79,41,10,14),
(80,42,10,14),
(81,43,10,14),
(82,44,10,14),
(83,45,10,14),

(84,40,10,15),
(85,41,10,15),
(86,42,10,15),
(87,43,10,15),
(88,44,10,15),
(89,45,10,15),

(90,40,10,16),
(91,41,10,16),
(92,42,10,16),
(93,43,10,16),
(94,44,10,16),
(95,45,10,16),

(96,40,10,17),
(97,41,10,17),
(98,42,10,17),
(99,43,10,17),
(100,44,10,17),
(101,45,10,17),

(102,40,10,18),
(103,41,10,18),
(104,42,10,18),
(105,43,10,18),
(106,44,10,18),
(107,45,10,18),

(108,40,10,19),
(109,41,10,19),
(110,42,10,19),
(111,43,10,19),
(112,44,10,19),
(113,45,10,19),

(114,40,10,20),
(115,41,10,20),
(116,42,10,20),
(117,43,10,20),
(118,44,10,20),
(119,45,10,20),

(120,40,10,21),
(121,41,10,21),
(122,42,10,21),
(123,43,10,21),
(124,44,10,21),
(125,45,10,21),

(126,40,10,22),
(127,41,10,22),
(128,42,10,22),
(129,43,10,22),
(130,44,10,22),
(131,45,10,22),

(132,40,10,23),
(133,41,10,23),
(134,42,10,23),
(135,43,10,23),
(136,44,10,23),
(137,45,10,23),

(138,40,10,24),
(139,41,10,24),
(140,42,10,24),
(141,43,10,24),
(142,44,10,24),
(143,45,10,24);

insert into BRAND (brand_id, `name`) values
(0,'Nike'),(1,'Nike SB'),(2,'Puma'),(3,'adidas Originals'),(4,'Reebok'),(5,'Converse'),(6,'New Balance'),(7,'Jordan');

insert into product (product_id,brand,model,price,sale,status,img,brand_id) values
(1,'Nike','Dunk Low EMB NBA',11000,'','new','https://sneakerhead.ru/upload/resize_cache/iblock/6cd/296_296_2/6cd193beb259f0050365db5cf3b0aef2.jpg',0),
(2,'adidas Originals','Forum Exhibit Low',9793,'30','sale','https://sneakerhead.ru/upload/resize_cache/iblock/80e/296_296_2/80e93a0b5d5f2684ceb9e7394a65c8a9.jpg',3),
(3,'adidas Originals','Forum Exhibit Low',13990,'','new','https://sneakerhead.ru/upload/resize_cache/iblock/1e0/296_296_2/1e00eeedffcf15b26627e4e5e935049f.jpg',3),
(4,'Jordan','1 Mid',18400,'30','sale','https://sneakerhead.ru/upload/resize_cache/iblock/03d/296_296_2/03dc3144612d836275f6d84d5c1cf8f9.jpg',7),
(5,'Puma','Suede Mid WTR',14400,'','new','https://sneakerhead.ru/upload/resize_cache/iblock/f5a/296_296_2/f5aa09521980cafc270feeb52747179b.jpg',2),
(6,'Nike SB','Dunk High Pro',12000,'','new','https://sneakerhead.ru/upload/resize_cache/iblock/413/296_296_2/4138553c2e476312f00b50ce1af6e69d.jpg',1),
(7,'Nike SB','Dunk Low Pro',8000,'50','sale','https://sneakerhead.ru/upload/resize_cache/iblock/74d/296_296_2/74d9ce413b7f2851bc559674b1c7390c.jpg',1),
(8,'New Balance','Training Entrainement',17490,'','new','https://sneakerhead.ru/upload/resize_cache/iblock/22c/296_296_2/22cdd616aba5726398bad4918acb7803.JPG',6),
(9,'Puma','City Rider Ripstop',9441,'10','sale','https://sneakerhead.ru/upload/resize_cache/iblock/f94/296_296_2/f945c3cfc53f2916c6e59d2066314e2f.jpg',2),
(10,'Converse','One Star Pro',10240,'20','sale','https://sneakerhead.ru/upload/resize_cache/iblock/dd6/296_296_2/dd69c6f283db58b8c1d2777b8b3a5d25.jpg',5),
(11,'adidas Originals','Ozrah',14000,'','new','https://sneakerhead.ru/upload/resize_cache/iblock/c0d/296_296_2/c0d5c0b58b50b1d88c4c297cf1555e94.jpg',3),
(12,'Nike SB','Dunk Low Pro',16000,'','new','https://sneakerhead.ru/upload/resize_cache/iblock/063/296_296_2/06379dc0a2b08dc407fa5579acafeccf.JPG',1),

(13,'Nike','WMNS Dunk Low',17520,'20','sale','https://sneakerhead.ru/upload/resize_cache/iblock/a09/296_296_2/a09fc1703147c32c77f090a0ed039a1c.jpg',0),
(14,'Jordan','1 Low G',21990,'','new','https://sneakerhead.ru/upload/resize_cache/iblock/246/296_296_2/2462b4ec84f94e85702bf0fa1e844d32.jpg',7),
(15,'Converse','Pro Leather OX',9990,'60','sale','https://sneakerhead.ru/upload/resize_cache/iblock/c81/296_296_2/c815c24644a319e1059be1b880207e25.jpg',5),
(16,'adidas Originals','Ozelia',18043,'30','sale','https://sneakerhead.ru/upload/resize_cache/iblock/27d/296_296_2/27de84d1da93963c0c5e02529b9b0e3a.jpg',3),
(17,'Nike','Air Fear Of God 1',28130,'5','sale','https://sneakerhead.ru/upload/resize_cache/iblock/951/296_296_2/95114192315e97b08944e4b25a3f69d0.jpg',0),
(18,'Nike x Sacai x Undercover','LDWaffle',25050,'','new','https://sneakerhead.ru/upload/resize_cache/iblock/5ba/296_296_2/5baa1975919ace391d77044c57c7b966.jpg',0),
(19,'Puma','RS-Z',12490,'','new','https://sneakerhead.ru/upload/resize_cache/iblock/be8/296_296_2/be806da4a3e0d64de1cee9dcb95af336.jpg',2),
(20,'Nike x Gyakusou','ZM Pegasus 36 TR',10490,'','new','https://sneakerhead.ru/upload/resize_cache/iblock/96b/296_296_2/96bdf0eedcd33356de522f3679285ae5.jpg',0),
(21,'Nike','Air Max 97/BW',	21790,'60','sale','https://sneakerhead.ru/upload/resize_cache/iblock/979/296_296_2/9797c2b9972cfbc654113651c650852e.jpg',0),
(22,'Nike','Air Trainer 1',25680,'40','sale','https://sneakerhead.ru/upload/resize_cache/iblock/060/296_296_2/060181d6eb75f77e373df9b511db7224.jpg',0),
(23,'New Balance','574',23990,'','new','https://sneakerhead.ru/upload/resize_cache/iblock/a78/296_296_2/a781ce9617476e207e7512aca25220b3.jpg',6),
(24,'New Balance','X-Race',14990,'','new','https://sneakerhead.ru/upload/resize_cache/iblock/f73/296_296_2/f734b0c915670e6252bbcd1aabca3d19.jpg',6);

insert into color (color_id, name) values (1,'red'),(2,'black'),(3,'green'),(4,'blue'),(5,'pink'),(6,'white'),(7,'grey');
insert into product_color (color_id,product_id) values
(4,1),(6,1),
(6,2),
(6,3),
(6,4),(4,4),
(2,5),
(2,6),(7,6),
(2,7),
(2,8),
(2,9),
(4,10),
(2,11),(5,11),
(2,12),

(2,13),(6,13),
(6,14),
(6,15),
(6,16),
(2,17),
(2,18),(7,18),
(2,19),
(6,20),
(2,21),(4,21),
(7,22),
(7,23),
(2,24);



